<?xml version="1.0" encoding="UTF-8"?>
<beans xmlns="http://www.springframework.org/schema/beans"
	xmlns:xsi="http://www.w3.org/2001/XMLSchema-instance"
	xmlns:context="http://www.springframework.org/schema/context"
	xmlns:p="http://www.springframework.org/schema/p"
	xmlns:util="http://www.springframework.org/schema/util"
	xsi:schemaLocation="http://www.springframework.org/schema/beans
    http://www.springframework.org/schema/beans/spring-beans.xsd
    http://www.springframework.org/schema/context
    http://www.springframework.org/schema/context/spring-context.xsd
    http://www.springframework.org/schema/util
    http://www.springframework.org/schema/util/spring-util.xsd
    ">


	<!-- standalone list -->

	<util:list list-class="java.util.LinkedList"
		id="mybestfriends">
		<value>Ayush</value>
		<value>Vishal</value>
		<value>Abhishek</value>
		<value>Ashita</value>


	</util:list>

	<!-- standalone map -->


	<util:map map-class="java.util.TreeMap" id="fees">
		<entry key="Spring Framework" value="8000" />
		<entry key="Django Framework" value="5000" />
		<entry key="Hibernate Framework" value="2000" />

	</util:map>

	<!-- standalone properties -->

	<util:properties id="dbconfig">
		<prop key="driver"> com.mysql.jdbc.Driver </prop>
		<prop key="username"> durgesh </prop>
		<prop key="password"> abc </prop>
		<prop key="url"> mysql:jdbc://localhost:3306/database </prop>
	</util:properties>


	<bean class="com.springcore.standalone.collections.Person"
		name="person1">
		<!-- <property name="friends"> <ref bean="mybestfriends"/> </property> -->
		<property name="friends" ref="mybestfriends" />
		<property name="feestructure" ref="fees"/>
        <property name="properties" ref="dbconfig"/>		
	

	</bean>




</beans>