<?xml version="1.0" encoding="UTF-8"?>
<beans xmlns="http://www.springframework.org/schema/beans"
	xmlns:xsi="http://www.w3.org/2001/XMLSchema-instance"
	xmlns:context="http://www.springframework.org/schema/context"
	xmlns:p="http://www.springframework.org/schema/p"
	xsi:schemaLocation="http://www.springframework.org/schema/beans
    http://www.springframework.org/schema/beans/spring-beans.xsd
    http://www.springframework.org/schema/context
    http://www.springframework.org/schema/context/spring-context.xsd">

	<bean name="emp1" class="com.springcore.collections.Emp">
		<property name="name" value="Saurabh"></property>

		<property name="phones">
			<list>
				<value>7899555662 </value>
				<value>651515121</value>
				<value>651515121</value>
				<null></null>
			</list>
		</property>

		<property name="addresses">
			<set>
				<value>Kanpur</value>
				<value>Lucknow</value>
				<value>Gorakhpur</value>
			</set>
		</property>

		<property name="courses">
			<map>
				<entry key="Java" value="2 months" />
				<entry key="Python" value="1 months" />
			</map>
		</property>
	</bean>

</beans>